--Users
INSERT INTO Users (username, password, type) VALUES
('Luis10', '1234luis', 'Admin'),
('ValerieM', '1234val', 'Supplier'),
('MGLL', '1234maria', 'Supplier'),
('ValeMoli', '1234valen', 'Supplier'),
('YurleyB', '1234yurl', 'Customer'),
('LuisH', '1234henao', 'Customer'),
('YesscaA', '1234andre', 'Customer'),
('Alejita', '1234aleja', 'Customer'),
('ZullyF', '1234fercha', 'Customer'),
('Anthony', '1234fabi', 'Customer'),
('Zorobot', '1234joe', 'Customer'),
('Camila', '1234negra', 'Customer'),
('MariaO', '1234ibarra', 'Customer'),
('SandraP', '1234patico', 'Customer'),
('HerneyL', '1234cucho', 'Customer'),
('WilmerR', '1234alex', 'Customer'),
('JesusB', '1234chucho', 'Customer'),
('JerxonC', '1234tombo', 'Customer'),
('CamiloM', '1234cami', 'Customer'),
('JeanF', '1234jf', 'Customer');
--DELETE FROM Users;

--Person
INSERT INTO Persons (name, last_name, cellphone, email, date_register, id_user_id) VALUES
('Luis Miguel', 'Caicedo', '3124567890', 'luis10@gmail.com', '2020-05-15', 1),
('Valerie', 'Lasso', '3568741026', 'michellasso@gmail.com', '2023-05-15', 2),
('María', 'Lizarazo', '3125478001', 'mgl27@gmail.com', '2022-05-15', 3),
('Valentina', 'Molina', '3001112233', 'vale.moli@example.com', '2023-01-15', 4),
('Yurley', 'Botello', '3002223344', 'yurley.b@example.com', '2023-02-20', 5),
('Luis', 'Henao', '3003334455', 'luis.henao@example.com', '2023-03-05', 6),
('Yessica', 'Machuca', '3004445566', 'yessica.a@example.com', '2023-04-18', 7),
('Alejandra', 'Machuca', '3005556677', 'alejita@example.com', '2023-05-12', 8),
('Zully', 'Ortiz', '3006667788', 'zully.f@example.com', '2023-06-27', 9),
('Anthony', 'Portela', '3007778899', 'anthony.f@example.com', '2023-07-09', 10),
('Joe', 'Rodriguez', '3008889900', 'zorobot@example.com', '2023-08-22', 11),
('Camila', 'Morales', '3010001122', 'camila.n@example.com', '2023-09-30', 12),
('Maria', 'Ibarra', '3011112233', 'maria.o@example.com', '2023-10-11', 13),
('Sandra', 'Leal', '3012223344', 'sandra.p@example.com', '2023-11-03', 14),
('Herney', 'Lopez', '3013334455', 'herney.l@example.com', '2023-12-17', 15),
('Wilmer', 'Rojas', '3014445566', 'wilmer.r@example.com', '2024-01-08', 16),
('Jesus', 'Bustamante', '3015556677', 'jesus.b@example.com', '2024-02-14', 17),
('Jerxon', 'Correa', '3016667788', 'jerxon.c@example.com', '2024-03-21', 18),
('Camilo', 'Machuca', '3017778899', 'camilo.m@example.com', '2024-04-10', 19),
('Jean', 'Guerrero', '3018889900', 'jean.f@example.com', '2024-05-06', 20);

--Tools_EquipmentConstruction
INSERT INTO Tools_Equipment_Construction (type, name, category, date_register, price_day, description, status, id_user_supplier_id) VALUES
('Tool', 'Taladro Bosch', 'Eléctrico', '2023-01-15', 15000.00, 'Taladro percutor 650W', 'Available', 2),
('Tool', 'Pulidora Makita', 'Eléctrico', '2023-01-18', 18000.00, 'Pulidora angular 1200W', 'Available', 3),
('Tool', 'Sierra Circular DeWalt', 'Eléctrico', '2023-02-10', 22000.00, 'Sierra de corte rápido', 'Rented', 4),
('Tool', 'Martillo Demoledor', 'Eléctrico', '2023-03-01', 25000.00, 'Martillo demoledor SDS-Max', 'Available', 2),
('Tool', 'Lijadora Orbital', 'Eléctrico', '2023-03-05', 14000.00, 'Lijadora para madera', 'Available', 3),
('Tool', 'Compresor de aire', 'Neumático', '2023-03-22', 30000.00, 'Compresor 50L', 'Damaged', 4),
('Tool', 'Amoladora Angular', 'Eléctrico', '2023-04-03', 16000.00, 'Amoladora 4½ pulgadas', 'Available', 2),
('Tool', 'Rotomartillo', 'Eléctrico', '2023-04-15', 20000.00, 'Taladro con rotación y percusión', 'Available', 3),
('Tool', 'Nivel Láser', 'Medición', '2023-05-01', 18000.00, 'Nivel de precisión', 'Available', 4),
('Tool', 'Pistola de Calor', 'Térmico', '2023-05-10', 12000.00, 'Pistola de aire caliente', 'Available', 2),
('EquipmentConstruction', 'Andamio Modular', 'Altura', '2023-06-01', 50000.00, 'Andamio de 5m altura', 'Rented', 3),
('EquipmentConstruction', 'Mezcladora de Concreto', 'Mezclado', '2023-06-10', 60000.00, 'Tambor 320L', 'Available', 4),
('EquipmentConstruction', 'Pluma Grúa', 'Carga', '2023-06-15', 75000.00, 'Grúa para elevación ligera', 'Available', 2),
('EquipmentConstruction', 'Vibrador de Concreto', 'Compactación', '2023-07-01', 35000.00, 'Vibrador 220V', 'Available', 3),
('EquipmentConstruction', 'Compactador de Placa', 'Compactación', '2023-07-12', 65000.00, 'Compactador a gasolina', 'Maintenance', 4),
('EquipmentConstruction', 'Escalera Extensible', 'Acceso', '2023-08-01', 20000.00, 'Hasta 10 metros', 'Available', 2),
('EquipmentConstruction', 'Bomba de Agua', 'Hidráulico', '2023-08-05', 30000.00, 'Bomba sumergible 1HP', 'Available', 3),
('EquipmentConstruction', 'Generador Eléctrico', 'Energía', '2023-08-15', 80000.00, 'Generador gasolina 3500W', 'Damaged', 4),
('EquipmentConstruction', 'Carretilla Reforzada', 'Transporte', '2023-09-01', 10000.00, 'Carretilla metálica', 'Available', 2),
('EquipmentConstruction', 'Cortadora de Baldosa', 'Corte', '2023-09-15', 22000.00, 'Corte cerámica y porcelanato', 'Available', 3);

--Reservations
INSERT INTO Reservations (start_date, end_date, request_date, status, id_user_client_id) VALUES  
('2023-06-01', '2023-06-03', '2023-05-25', 'Approved', 5),
('2023-06-10', '2023-06-12', '2023-06-01', 'Completed', 6),
('2023-07-05', '2023-07-07', '2023-06-28', 'Pending', 7),
('2023-07-15', '2023-07-20', '2023-07-10', 'Approved', 8),
('2023-08-01', '2023-08-03', '2023-07-25', 'Completed', 9),
('2023-08-10', '2023-08-12', '2023-08-05', 'Rejected', 10),
('2023-09-05', '2023-09-07', '2023-09-01', 'Pending', 11),
('2023-09-15', '2023-09-18', '2023-09-10', 'Approved', 12), 
('2023-10-01', '2023-10-03', '2023-09-25', 'Completed', 13),
('2023-10-10', '2023-10-15', '2023-10-05', 'Canceled', 14),
('2023-11-01', '2023-11-03', '2023-10-25', 'Approved', 15),
('2023-11-10', '2023-11-12', '2023-11-01', 'Completed', 16),
('2023-12-05', '2023-12-08', '2023-12-01', 'Pending', 17),
('2023-12-15', '2023-12-20', '2023-12-10', 'Approved', 18),
('2024-01-01', '2024-01-05', '2023-12-28', 'Completed', 19),
('2024-01-10', '2024-01-12', '2024-01-05', 'Canceled', 20),
('2024-02-01', '2024-02-03', '2024-01-25', 'Pending', 5),
('2024-02-10', '2024-02-13', '2024-02-01', 'Rejected', 6),
('2024-03-01', '2024-03-04', '2024-02-25', 'Approved', 7),
('2024-03-10', '2024-03-14', '2024-03-05', 'Completed', 8);

--Returns_Deliveries
INSERT INTO Returns_Deliveries (delivery_date, return_date, commentary, status, id_reservations_id) VALUES 
('2023-06-01', '2023-06-03', 'Devuelto en buen estado.', 'Good', 1),
('2023-06-10', '2023-06-12', 'Herramienta funcional, sin novedades.', 'Good', 2),
('2023-07-05', '2023-07-07', 'Cliente reporta maletín roto.', 'Damaged', 3),
('2023-07-15', '2023-07-20', 'Equipo regresado sin accesorios.', 'MissingFaulty', 4),
('2023-08-01', '2023-08-03', 'Todo en orden.', 'Good', 5),
('2023-08-10', '2023-08-12', 'Herramienta rayada pero funcional.', 'Damaged', 6),
('2023-09-05', '2023-09-07', 'Equipo entregado y devuelto completo.', 'Good', 7),
('2023-09-15', '2023-09-18', 'Cliente indica que uno de los cables no funcionó.', 'Damaged', 8),
('2023-10-01', '2023-10-03', 'Sin observaciones.', 'Good', 9),
('2023-10-10', '2023-10-15', 'Cliente canceló antes de usar.', 'Good', 10),
('2023-11-01', '2023-11-03', 'Entrega y devolución puntuales.', 'Good', 11),
('2023-11-10', '2023-11-12', 'Caja rota, se requiere mantenimiento.', 'Damaged', 12),
('2023-12-05', '2023-12-08', 'Cliente no regresó la extensión.', 'MissingFaulty', 13),
('2023-12-15', '2023-12-20', 'Equipo devuelto mojado, requiere revisión.', 'Damaged', 14),
('2024-01-01', '2024-01-05', 'Todo entregado correctamente.', 'Good', 15),
('2024-01-10', '2024-01-12', 'Devolución después de la fecha pactada.', 'Good', 16),
('2024-02-01', '2024-02-03', 'Herramienta con leve oxidación.', 'Damaged', 17),
('2024-02-10', '2024-02-13', 'Cliente no regresó los elementos completos.', 'MissingFaulty', 18),
('2024-03-01', '2024-03-04', 'Devolución oportuna, sin novedades.', 'Good', 19),
('2024-03-10', '2024-03-14', 'Accesorio dañado al regresar.', 'Damaged', 20);

--Payments
INSERT INTO Payments (payment_method, price_total, payment_date, status, id_reservations_id) VALUES
('Bancolombia', 550000.00, '2023-05-26', 'Paid', 1),
('Davivienda', 1100000.00, '2023-06-02', 'Paid', 2),
('Banco de Bogotá', 660000.00, '2023-07-04', 'Pending', 3),
('Banco Popular', 1460000.00, '2023-07-12', 'Paid', 4),
('Banco AV Villas', 550000.00, '2023-07-26', 'Paid', 5),
('BBVA Colombia', 770000.00, '2023-08-06', 'Failed', 6),
('Scotiabank Colpatria', 660000.00, '2023-09-02', 'Pending', 7),
('Banco Agrario', 1285000.00, '2023-09-11', 'Paid', 8),
('Banco de Occidente', 550000.00, '2023-09-26', 'Paid', 9),
('Bancolombia', 808000.00, '2023-10-06', 'Failed', 10),
('Davivienda', 920000.00, '2023-10-26', 'Paid', 11),
('Banco de Bogotá', 994000.00, '2023-11-02', 'Paid', 12),
('Banco Popular', 736000.00, '2023-12-02', 'Pending', 13),
('Banco AV Villas', 1100000.00, '2023-12-11', 'Paid', 14),
('BBVA Colombia', 1024000.00, '2023-12-29', 'Paid', 15),
('Scotiabank Colpatria', 950000.00, '2024-01-06', 'Paid', 16),
('Banco Agrario', 770000.00, '2024-01-26', 'Pending', 17),
('Banco de Occidente', 697000.00, '2024-02-02', 'Failed', 18),
('Bancolombia', 1170000.00, '2024-02-26', 'Paid', 19),
('Davivienda', 1285000.00, '2024-03-06', 'Paid', 20);

--Invoices
INSERT INTO Invoices (name_tool_share, nit, address, number_invoice, cellphone, registration_date, invoice_generation_date, expiration_date, url_signature, and_total, id_client_id, id_payments_id) VALUES
('ToolShare SAS', '900123456-7', 'Calle 123 #45-67, Bogotá', 1001, '302456780', '2023-05-01', '2023-05-26', '2023-06-26', 'https://firma.toolshare.com/1001', 550000.00, 1, 1),
('ToolShare SAS', '900123456-7', 'Calle 123 #45-67, Bogotá', 1002, '306741026', '2023-05-01', '2023-06-02', '2023-07-02', 'https://firma.toolshare.com/1002', 1100000.00, 2, 2),
('ToolShare SAS', '900123456-7', 'Calle 123 #45-67, Bogotá', 1003, '302547001', '2023-05-01', '2023-07-04', '2023-08-04', 'https://firma.toolshare.com/1003', 660000.00, 3, 3),
('ToolShare SAS', '900123456-7', 'Calle 123 #45-67, Bogotá', 1004, '3001112233', '2023-05-01', '2023-07-12', '2023-08-12', 'https://firma.toolshare.com/1004', 1460000.00, 4, 4),
('ToolShare SAS', '900123456-7', 'Calle 123 #45-67, Bogotá', 1005, '3002223344', '2023-05-01', '2023-07-26', '2023-08-26', 'https://firma.toolshare.com/1005', 550000.00, 5, 5),
('ToolShare SAS', '900123456-7', 'Calle 123 #45-67, Bogotá', 1006, '3003334455', '2023-05-01', '2023-08-06', '2023-09-06', 'https://firma.toolshare.com/1006', 770000.00, 6, 6),
('ToolShare SAS', '900123456-7', 'Calle 123 #45-67, Bogotá', 1007, '3004445566', '2023-05-01', '2023-09-02', '2023-10-02', 'https://firma.toolshare.com/1007', 660000.00, 7, 7),
('ToolShare SAS', '900123456-7', 'Calle 123 #45-67, Bogotá', 1008, '3005556677', '2023-05-01', '2023-09-11', '2023-10-11', 'https://firma.toolshare.com/1008', 1285000.00, 8, 8),
('ToolShare SAS', '900123456-7', 'Calle 123 #45-67, Bogotá', 1009, '3006667788', '2023-05-01', '2023-09-26', '2023-10-26', 'https://firma.toolshare.com/1009', 550000.00, 9, 9),
('ToolShare SAS', '900123456-7', 'Calle 123 #45-67, Bogotá', 1010, '300777899', '2023-05-01', '2023-10-06', '2023-11-06', 'https://firma.toolshare.com/1010', 808000.00, 10, 10),
('ToolShare SAS', '900123456-7', 'Calle 123 #45-67, Bogotá', 1011, '300888900', '2023-05-01', '2023-10-26', '2023-11-26', 'https://firma.toolshare.com/1011', 920000.00, 11, 11),
('ToolShare SAS', '900123456-7', 'Calle 123 #45-67, Bogotá', 1012, '3010001122', '2023-05-01', '2023-11-02', '2023-12-02', 'https://firma.toolshare.com/1012', 994000.00, 12, 12),
('ToolShare SAS', '900123456-7', 'Calle 123 #45-67, Bogotá', 1013, '3011112233', '2023-05-01', '2023-12-02', '2024-01-02', 'https://firma.toolshare.com/1013', 736000.00, 13, 13),
('ToolShare SAS', '900123456-7', 'Calle 123 #45-67, Bogotá', 1014, '3012223344', '2023-05-01', '2023-12-11', '2024-01-11', 'https://firma.toolshare.com/1014', 1100000.00, 14, 14),
('ToolShare SAS', '900123456-7', 'Calle 123 #45-67, Bogotá', 1015, '3013334455', '2023-05-01', '2023-12-29', '2024-01-29', 'https://firma.toolshare.com/1015', 1024000.00, 15, 15),
('ToolShare SAS', '900123456-7', 'Calle 123 #45-67, Bogotá', 1016, '3014445566', '2023-05-01', '2024-01-06', '2024-02-06', 'https://firma.toolshare.com/1016', 950000.00, 16, 16),
('ToolShare SAS', '900123456-7', 'Calle 123 #45-67, Bogotá', 1017, '301555667', '2023-05-01', '2024-01-26', '2024-02-26', 'https://firma.toolshare.com/1017', 770000.00, 17, 17),
('ToolShare SAS', '900123456-7', 'Calle 123 #45-67, Bogotá', 1018, '301667788', '2023-05-01', '2024-02-02', '2024-03-02', 'https://firma.toolshare.com/1018', 697000.00, 18, 18),
('ToolShare SAS', '900123456-7', 'Calle 123 #45-67, Bogotá', 1019, '301777889', '2023-05-01', '2024-02-26', '2024-03-26', 'https://firma.toolshare.com/1019', 1170000.00, 19, 19),
('ToolShare SAS', '900123456-7', 'Calle 123 #45-67, Bogotá', 1020, '301888900', '2023-05-01', '2024-03-06', '2024-04-06', 'https://firma.toolshare.com/1020', 1285000.00, 20, 20);

--Tools_Invoices
INSERT INTO Tools_Invoices (unit_value, quantity, total_value, tools_id, invoice_id) VALUES
(25000.00, 5, 125000.00, 1, 1),
(40000.00, 10, 400000.00, 2, 2),
(50000.00, 3, 150000.00, 3, 3),
(150000.00, 7, 1050000.00, 4, 4),
(30000.00, 8, 240000.00, 5, 5),
(60000.00, 4, 240000.00, 6, 6),
(25000.00, 15, 375000.00, 7, 7),
(80000.00, 5, 400000.00, 8, 8),
(45000.00, 7, 315000.00, 9, 9),
(70000.00, 9, 630000.00, 10, 10),
(25000.00, 20, 500000.00, 11, 11),
(65000.00, 6, 390000.00, 12, 12),
(85000.00, 5, 425000.00, 13, 13),
(40000.00, 12, 480000.00, 14, 14),
(30000.00, 18, 540000.00, 15, 15),
(50000.00, 14, 700000.00, 16, 16),
(25000.00, 10, 250000.00, 17, 17),
(45000.00, 8, 360000.00, 18, 18),
(65000.00, 9, 585000.00, 19, 19),
(55000.00, 6, 330000.00, 20, 20);

--Damage_Report
INSERT INTO Damage_Report (report_date, description, solution_date, status, id_users_report_id, id_toolsec_id, id_reservation_id) VALUES
('2023-06-01', 'Herramienta presenta desgaste en la empuñadura', '2023-06-10', 'Resolved', 5, 1, 1),
('2023-06-15', 'Equipo de construcción con motor ruidoso', NULL, 'Pending', 6, 2, 2),
('2023-07-03', 'Herramienta no enciende correctamente', '2023-07-12', 'Resolved', 7, 3, 3),
('2023-07-18', 'Equipo con fuga de aceite', '2023-07-25', 'Under', 8, 4, 4),
('2023-08-01', 'Herramienta con cable dañado', NULL, 'Pending', 9, 5, 5),
('2023-08-10', 'Equipo de construcción con problemas en el sistema eléctrico', '2023-08-20', 'Resolved', 10, 6, 6),
('2023-08-22', 'Herramienta presenta vibraciones excesivas', NULL, 'Under', 11, 7, 7),
('2023-09-05', 'Equipo con estructura doblada', '2023-09-15', 'Resolved', 12, 8, 8),
('2023-09-20', 'Herramienta con partes faltantes', NULL, 'Pending', 13, 9, 9),
('2023-10-02', 'Equipo con fallas en sistema hidráulico', '2023-10-12', 'Resolved', 14, 10, 10),
('2023-10-16', 'Herramienta con botón de encendido roto', NULL, 'Pending', 15, 11, 11),
('2023-10-30', 'Equipo con desgaste en ruedas', '2023-11-10', 'Under', 16, 12, 12),
('2023-11-12', 'Herramienta con batería defectuosa', '2023-11-22', 'Resolved', 17, 13, 13),
('2023-11-25', 'Equipo con sistema de frenado dañado', NULL, 'Pending', 18, 14, 14),
('2023-12-08', 'Herramienta con grietas en la carcasa', '2023-12-18', 'Resolved', 19, 15, 15),
('2023-12-20', 'Equipo con pérdidas de presión', NULL, 'Under', 20, 16, 16),
('2024-01-05', 'Herramienta con partes desalineadas', '2024-01-15', 'Resolved', 1, 17, 17),
('2024-01-18', 'Equipo con fugas de aire', NULL, 'Pending', 2, 18, 18),
('2024-02-01', 'Herramienta con motor que no arranca', '2024-02-11', 'Resolved', 3, 19, 19),
('2024-02-15', 'Equipo con problemas eléctricos intermitentes', NULL, 'Under', 4, 20, 20);

--Notifications
INSERT INTO Notifications (message, date_message, status, id_user_id) VALUES
('Tu pago ha sido procesado con éxito.', '2023-06-01', 'Payment', 5),
('Tu reserva fue aprobada.', '2023-06-15', 'Reservation', 6),
('Tu herramienta fue devuelta correctamente.', '2023-07-03', 'Return', 7),
('Se detectó un daño en el equipo alquilado.', '2023-07-18', 'Alert', 8),
('Tu pago está pendiente de confirmación.', '2023-08-01', 'Payment', 9),
('Reserva rechazada por falta de disponibilidad.', '2023-08-10', 'Reservation', 10),
('Se ha iniciado el proceso de devolución.', '2023-08-22', 'Return', 11),
('Alerta: vencimiento de reserva inminente.', '2023-09-05', 'Alert', 12),
('Tu factura está lista para descargar.', '2023-09-20', 'Payment', 13),
('Tu reserva fue completada con éxito.', '2023-10-02', 'Reservation', 14),
('Se ha registrado la devolución sin novedades.', '2023-10-16', 'Return', 15),
('Alerta: herramienta reportada como dañada.', '2023-10-30', 'Alert', 16),
('Tu método de pago fue actualizado.', '2023-11-12', 'Payment', 17),
('Se ha aprobado una nueva reserva.', '2023-11-25', 'Reservation', 18),
('Entrega del equipo confirmada.', '2023-12-08', 'Return', 19),
('Se reportó un daño al equipo entregado.', '2023-12-20', 'Alert', 20),
('Tu pago fue rechazado por el sistema.', '2024-01-05', 'Payment', 5),
('Reserva en espera de aprobación.', '2024-01-18', 'Reservation', 6),
('Equipo recibido con retraso.', '2024-02-01', 'Return', 7),
('Notificación de mantenimiento del sistema.', '2024-02-15', 'Alert', 8);

--Stastics
INSERT INTO Stastics (quantity_times_damaged, total_income, total_rentals, id_tools_equipment_construction_id) VALUES
(2, 1800000, 15, 1),
(0, 850000, 7, 2),
(1, 950000, 8, 3),
(3, 1200000, 10, 4),
(0, 400000, 4, 5),
(2, 1500000, 13, 6),
(1, 780000, 6, 7),
(0, 500000, 5, 8),
(4, 1600000, 14, 9),
(2, 1100000, 9, 10),
(0, 620000, 6, 11),
(1, 900000, 8, 12),
(0, 550000, 5, 13),
(3, 1400000, 11, 14),
(1, 870000, 7, 15),
(0, 450000, 4, 16),
(2, 1050000, 9, 17),
(0, 300000, 3, 18),
(1, 720000, 6, 19),
(0, 650000, 5, 20);